age,thalach,chol,cp,target
52,168,212,0,0
53,155,203,0,0
70,125,174,0,0
61,161,203,0,0
62,106,294,0,0
58,122,248,0,1
58,140,318,0,0
55,145,289,0,0
46,144,249,0,0
54,116,286,0,0
71,125,149,0,1
43,136,341,0,0
34,192,210,1,1
51,122,298,0,0
52,156,204,0,0
34,192,210,1,1
51,142,308,2,1
54,109,266,0,0
50,162,244,1,1
58,165,211,2,1
60,155,185,2,0
67,142,223,0,1
45,148,208,0,1
63,172,252,2,1
42,173,209,2,1
61,146,307,0,0
44,179,233,2,1
58,152,319,1,0
56,142,256,2,0
55,117,327,0,0
44,144,169,0,0
50,162,244,1,1
57,115,131,0,0
70,112,269,2,0
50,163,196,2,1
46,147,231,2,0
51,125,213,3,1
59,182,271,0,1
64,105,263,0,1
57,150,229,2,0
65,151,360,2,1
54,147,258,2,1
61,169,330,0,0
46,144,249,0,0
55,166,342,1,1
42,178,226,0,1
41,132,203,1,1
66,165,228,0,0
66,152,278,2,1
60,160,230,0,0
58,162,283,3,1
57,123,241,0,0
38,173,175,2,1
49,139,188,2,0
55,111,217,0,0
55,111,217,0,0
56,162,193,3,1
48,180,245,1,1
67,150,212,2,0
57,164,232,1,0
29,202,204,1,1
66,152,278,2,1
67,125,299,0,0
59,157,212,2,1
29,202,204,1,1
59,159,288,3,0
53,152,197,2,1
42,125,315,0,0
37,170,215,2,1
62,145,164,0,0
59,140,326,0,0
61,138,207,0,0
56,144,249,0,0
59,162,177,0,0
48,150,256,0,0
47,156,257,2,1
48,175,255,2,1
63,144,187,0,0
52,158,201,1,1
52,158,201,1,1
50,163,233,2,0
49,126,149,2,0
46,147,231,2,0
38,173,175,2,1
37,170,215,2,1
44,170,220,1,1
58,165,211,2,1
59,143,249,0,0
62,160,268,0,0
68,141,193,0,0
54,167,267,2,1
62,163,209,0,1
63,144,187,0,0
44,144,169,0,0
62,140,208,1,1
45,152,236,0,1
57,159,303,0,1
53,95,282,0,0
65,158,248,0,0
76,116,197,2,1
43,165,213,2,1
57,173,126,2,1
54,156,309,1,1
47,156,257,2,1
52,190,186,3,1
47,118,275,0,0
51,173,299,0,0
62,103,281,1,0
40,181,223,0,0
54,108,206,0,0
44,177,197,0,0
53,111,226,0,1
48,150,256,0,0
57,143,335,0,0
59,134,218,2,0
61,146,307,0,0
63,147,254,0,0
43,120,177,0,0
29,202,204,1,1
42,162,295,1,1
54,156,309,1,1
44,144,169,0,0
60,142,282,0,0
65,157,417,2,1
61,140,260,0,0
60,171,240,3,1
66,151,302,0,1
53,152,197,2,1
52,169,223,2,1
57,148,192,0,1
60,171,240,3,1
51,149,256,2,1
41,132,203,1,1
50,163,196,2,1
54,156,309,1,1
58,146,225,0,0
55,166,342,1,1
64,154,325,0,1
47,156,257,2,1
41,153,235,1,1
57,88,274,0,0
63,136,197,0,0
61,145,234,3,0
34,174,182,3,1
47,143,204,0,1
40,114,167,0,0
51,157,295,2,1
41,158,172,0,0
52,178,298,3,1
39,182,321,2,1
58,140,318,0,0
54,195,283,1,0
58,171,300,0,0
54,147,258,2,1
63,132,330,0,0
54,156,309,1,1
40,178,199,3,1
54,147,258,2,1
67,160,564,2,1
41,182,157,1,1
77,162,304,0,0
51,143,222,2,1
77,162,304,0,0
48,166,274,0,0
56,144,249,0,0
59,140,326,0,0
56,105,184,0,0
57,163,354,0,1
43,162,315,2,1
45,138,160,1,1
43,171,247,0,1
56,103,283,0,0
56,169,240,1,1
39,179,199,2,1
54,126,239,0,0
56,133,288,0,0
56,103,283,0,0
64,96,246,0,0
44,177,197,0,0
56,150,409,0,0
63,144,187,0,0
64,144,211,3,1
60,170,293,0,0
42,150,180,2,1
45,170,308,1,1
57,124,289,0,0
40,114,167,0,0
56,144,249,0,0
63,147,254,0,0
64,131,309,2,0
41,179,250,2,1
56,163,221,1,1
67,160,564,2,1
69,131,234,3,1
67,108,286,0,0
59,157,212,2,1
58,156,234,0,0
45,185,260,0,1
60,160,318,2,1
50,126,200,0,0
62,163,209,0,1
34,174,182,3,1
52,178,298,3,1
64,155,227,3,1
66,152,278,2,1
42,178,244,3,1
59,134,218,2,0
41,179,250,2,1
38,173,175,2,1
62,103,281,1,0
42,194,240,2,1
67,125,299,0,0
50,128,243,0,0
43,162,315,2,1
45,170,308,1,1
49,171,266,1,1
65,127,254,0,0
41,182,157,1,1
46,120,311,0,0
54,116,286,0,0
57,174,236,1,0
63,147,254,0,0
64,144,211,3,1
39,179,199,2,1
51,186,261,0,1
54,165,232,2,1
49,126,149,2,0
44,149,242,2,1
52,184,205,1,1
66,165,228,0,0
58,171,300,0,0
56,178,236,1,1
60,141,258,0,0
41,163,306,1,1
49,163,269,0,1
64,155,227,3,1
49,126,149,2,0
57,141,261,1,0
60,160,230,0,0
62,154,244,0,0
54,159,288,1,1
67,150,212,2,0
38,173,175,2,1
60,155,185,2,0
51,166,245,2,1
44,188,219,1,1
54,195,283,1,0
46,120,311,0,0
39,152,220,2,1
42,150,180,2,1
47,118,275,0,0
45,138,160,1,1
55,132,353,0,0
57,124,289,0,0
35,130,198,0,0
62,157,394,0,1
35,182,183,0,1
64,154,325,0,1
38,182,231,3,0
66,151,302,0,1
44,169,226,2,1
54,165,232,2,1
48,186,222,0,1
55,166,342,1,1
58,146,225,0,0
45,148,208,0,1
53,95,282,0,0
67,71,237,0,0
58,173,224,2,0
71,130,265,2,1
43,161,211,0,1
44,173,263,1,1
39,152,220,2,1
54,108,206,0,0
66,138,228,0,1
56,103,283,0,0
57,168,207,0,1
44,188,219,1,1
55,145,289,0,0
41,168,198,1,1
45,175,234,1,1
35,174,192,1,1
41,172,204,1,1
64,144,211,3,1
58,173,224,2,0
71,130,265,2,1
64,133,313,2,1
71,162,302,1,1
58,172,340,2,1
40,181,223,0,0
52,169,223,2,1
58,130,259,0,0
61,137,243,2,1
59,157,212,2,1
56,133,288,0,0
67,125,299,0,0
67,71,237,0,0
58,111,270,0,0
35,174,192,1,1
52,172,325,1,1
46,172,204,1,1
51,154,227,2,1
55,166,342,1,1
60,142,282,0,0
52,169,196,2,1
62,99,267,0,0
44,149,242,2,1
44,170,220,1,1
59,134,218,2,0
56,153,294,1,1
61,140,260,0,0
48,150,256,0,0
70,112,269,2,0
74,121,269,1,1
40,178,199,3,1
42,178,244,3,1
64,133,313,2,1
63,172,252,2,1
59,162,177,0,0
53,115,216,2,1
53,143,264,0,1
48,139,275,2,1
45,147,309,0,0
66,120,246,1,0
48,180,245,1,1
56,153,294,1,1
54,195,283,1,0
57,112,276,0,0
70,109,322,0,0
53,115,216,2,1
37,170,215,2,1
63,169,269,0,0
37,187,250,2,1
54,158,214,2,1
60,132,206,0,0
58,111,270,0,0
57,173,126,2,1
54,152,273,2,1
56,142,256,2,0
60,144,253,0,0
38,173,175,2,1
44,169,226,2,1
65,148,269,2,1
52,162,199,2,1
41,182,157,1,1
66,120,246,1,0
50,128,243,0,0
54,167,267,2,1
43,143,247,0,0
62,97,263,2,0
66,151,302,0,1
50,126,200,0,0
57,143,335,0,0
57,126,201,0,1
57,141,261,1,0
46,152,243,0,1
59,90,176,0,0
67,108,286,0,0
59,162,204,3,0
53,115,216,2,1
48,186,222,0,1
62,146,231,2,1
43,165,213,2,1
53,173,246,2,1
57,174,236,1,0
53,173,246,2,1
58,165,230,2,0
48,168,229,1,0
58,154,240,2,1
51,123,175,2,1
43,136,341,0,0
55,132,353,0,0
54,158,214,2,1
58,160,284,1,0
46,160,177,2,1
66,138,228,0,1
59,164,221,1,1
64,122,303,0,1
67,71,237,0,0
52,190,186,3,1
58,105,218,0,0
58,173,224,2,0
59,142,239,0,0
58,111,270,0,0
35,156,282,0,0
51,123,175,2,1
42,173,209,2,1
77,162,304,0,0
64,96,246,0,0
63,150,233,3,1
58,152,319,1,0
45,132,264,3,0
51,123,175,2,1
62,145,164,0,0
63,132,330,0,0
66,152,278,2,1
68,150,274,2,0
40,114,167,0,0
66,138,228,0,1
63,150,233,3,1
49,139,188,2,0
71,125,149,0,1
70,143,245,1,1
46,172,204,1,1
61,138,207,0,0
56,142,256,2,0
58,165,211,2,1
58,156,234,0,0
46,152,243,0,1
46,147,231,2,0
41,168,198,1,1
56,144,249,0,0
57,112,276,0,0
70,109,322,0,0
59,159,288,3,0
41,172,204,1,1
54,152,273,2,1
52,169,223,2,1
62,163,209,0,1
65,151,360,2,1
57,159,303,0,1
42,122,265,0,1
57,163,354,0,1
58,152,319,1,0
45,147,309,0,0
51,142,305,0,0
54,163,201,2,1
57,174,168,2,1
43,143,247,0,0
47,152,243,2,0
67,150,212,2,0
65,114,225,0,0
60,160,318,2,1
37,187,250,2,1
41,172,268,2,1
57,163,354,0,1
59,143,249,0,0
67,129,229,0,0
47,179,253,2,1
58,160,284,1,0
62,154,244,0,0
60,170,293,0,0
57,88,274,0,0
57,174,168,2,1
47,179,253,2,1
52,184,205,1,1
53,173,246,2,1
55,145,289,0,0
51,157,295,2,1
52,160,230,0,0
63,154,407,0,0
49,162,271,1,1
66,165,228,0,0
49,162,271,1,1
65,114,225,0,0
69,131,234,3,1
47,152,243,2,0
39,152,220,2,1
43,171,247,0,1
51,186,261,0,1
69,146,254,2,0
48,175,255,2,1
52,190,186,3,1
43,161,211,0,1
67,160,564,2,1
38,173,175,2,1
44,188,219,1,1
47,118,275,0,0
61,137,243,2,1
67,108,286,0,0
60,171,240,3,1
64,133,313,2,1
58,131,197,0,1
41,168,214,2,1
48,168,229,1,0
57,173,126,2,1
57,124,289,0,0
57,150,229,2,0
39,182,321,2,1
58,131,216,0,0
51,142,305,0,0
63,154,407,0,0
51,122,298,0,0
35,174,192,1,1
65,158,248,0,0
62,103,281,1,0
41,158,172,0,0
65,127,254,0,0
54,159,288,1,1
61,137,243,2,1
57,159,303,0,1
57,174,168,2,1
64,131,309,2,0
55,132,353,0,0
51,166,245,2,1
59,161,234,0,1
68,150,274,2,0
57,164,232,1,0
54,160,239,0,1
46,160,177,2,1
71,125,149,0,1
35,182,183,0,1
46,160,177,2,1
45,175,234,1,1
47,152,243,2,0
44,149,242,2,1
61,140,260,0,0
41,172,204,1,1
56,133,288,0,0
55,117,327,0,0
54,159,288,1,1
43,120,177,0,0
44,153,290,0,0
54,108,206,0,0
44,170,220,1,1
49,139,188,2,0
60,132,206,0,0
41,168,198,1,1
49,139,188,2,0
61,161,203,0,0
59,162,177,0,0
58,144,220,1,1
67,172,277,2,1
61,161,203,0,0
58,165,230,2,0
51,149,256,2,1
62,145,164,0,0
62,163,209,0,1
59,145,270,3,1
69,131,234,3,1
60,157,258,0,0
65,148,269,2,1
63,136,197,0,0
53,160,234,0,1
54,167,267,2,1
76,116,197,2,1
50,158,219,2,1
52,172,325,1,1
46,144,249,0,0
64,155,227,3,1
58,130,259,0,0
44,180,235,2,1
62,157,394,0,1
59,162,204,3,0
54,152,273,2,1
48,168,229,1,0
70,109,322,0,0
67,142,223,0,1
51,157,295,2,1
68,151,277,2,1
69,146,254,2,0
54,116,286,0,0
43,136,341,0,0
53,152,197,2,1
58,156,234,0,0
67,163,254,0,0
59,162,177,0,0
48,186,222,0,1
39,179,199,2,1
67,71,237,0,0
58,131,197,0,1
65,148,269,2,1
42,173,209,2,1
44,153,290,0,0
56,105,184,0,0
53,160,234,0,1
50,159,254,0,1
41,168,214,2,1
54,163,201,2,1
42,194,240,2,1
54,170,304,2,1
60,142,282,0,0
34,174,182,3,1
44,153,290,0,0
60,141,258,0,0
43,171,247,0,1
52,178,298,3,1
70,109,322,0,0
62,157,394,0,1
58,105,218,0,0
46,156,197,1,1
44,180,235,2,1
55,155,262,1,1
43,120,177,0,0
55,132,353,0,0
40,178,199,3,1
64,131,309,2,0
59,90,176,0,0
61,146,307,0,0
54,116,286,0,0
74,121,269,1,1
63,169,269,0,0
70,112,269,2,0
63,169,269,0,0
64,132,212,0,0
61,161,203,0,0
59,164,221,1,1
38,173,175,2,1
58,160,284,1,0
63,179,195,1,1
62,97,263,2,0
46,120,311,0,0
58,172,340,2,1
63,179,195,1,1
47,179,253,2,1
71,130,265,2,1
66,132,212,0,0
42,125,315,0,0
64,132,212,0,0
55,117,327,0,0
43,136,341,0,0
55,130,205,0,0
58,146,225,0,0
55,111,217,0,0
51,142,305,0,0
50,158,219,2,1
43,181,303,0,1
41,163,306,1,1
49,171,266,1,1
65,158,248,0,0
57,88,274,0,0
48,150,256,0,0
62,106,294,0,0
61,145,234,3,0
59,145,270,3,1
69,146,254,2,0
58,173,224,2,0
38,182,231,3,0
69,151,239,3,1
65,174,282,3,0
45,132,264,3,0
49,171,266,1,1
45,175,234,1,1
61,125,166,0,0
52,168,212,0,0
53,143,264,0,1
59,143,249,0,0
58,172,340,2,1
65,174,282,3,0
58,131,197,0,1
46,152,243,0,1
56,150,409,0,0
64,105,263,0,1
65,140,177,0,1
44,169,226,2,1
50,128,243,0,0
47,152,243,2,0
64,122,303,0,1
71,125,149,0,1
45,175,234,1,1
62,99,267,0,0
41,182,157,1,1
66,114,226,3,1
56,103,283,0,0
41,163,306,1,1
41,153,235,1,1
57,174,236,1,0
39,152,220,2,1
64,131,309,2,0
59,182,271,0,1
61,125,166,0,0
58,140,318,0,0
47,143,204,0,1
58,122,248,0,1
66,114,226,3,1
65,157,417,2,1
35,174,192,1,1
57,141,261,1,0
29,202,204,1,1
66,120,246,1,0
61,169,330,0,0
52,168,212,0,0
68,151,277,2,1
54,147,258,2,1
63,132,330,0,0
58,156,234,0,0
60,144,253,0,0
63,147,254,0,0
41,172,268,2,1
68,150,274,2,0
42,162,295,1,1
59,140,326,0,0
59,90,176,0,0
43,120,177,0,0
60,155,185,2,0
63,154,407,0,0
52,156,204,0,0
58,171,300,0,0
56,133,288,0,0
54,170,304,2,1
58,154,240,2,1
55,161,250,1,1
53,155,203,0,0
63,179,195,1,1
39,140,219,0,0
35,156,282,0,0
50,158,219,2,1
67,150,212,2,0
66,132,212,0,0
35,156,282,0,0
41,168,214,2,1
35,130,198,0,0
71,162,302,1,1
57,126,201,0,1
51,154,227,2,1
58,131,216,0,0
57,150,229,2,0
56,153,294,1,1
60,96,178,2,1
45,132,264,3,0
56,163,221,1,1
35,130,198,0,0
45,138,160,1,1
66,114,226,3,1
51,125,213,3,1
70,143,245,1,1
55,130,205,0,0
56,142,256,2,0
55,161,250,1,1
52,147,233,0,1
64,158,335,2,0
45,185,260,0,1
67,172,277,2,1
68,115,211,2,1
74,121,269,1,1
60,157,258,0,0
48,166,274,0,0
56,163,221,1,1
46,120,311,0,0
55,161,250,1,1
44,170,220,1,1
52,160,230,0,0
51,154,227,2,1
44,175,141,2,1
52,156,204,0,0
50,163,196,2,1
59,142,239,0,0
67,129,229,0,0
58,171,300,0,0
52,161,255,0,0
44,180,235,2,1
41,172,268,2,1
63,132,330,0,0
58,144,220,1,1
60,160,318,2,1
51,143,222,2,1
64,158,335,2,0
60,160,230,0,0
44,169,226,2,1
58,144,220,1,1
55,155,262,1,1
65,151,360,2,1
48,180,245,1,1
65,140,177,0,1
51,149,256,2,1
48,175,255,2,1
64,96,246,0,0
66,138,228,0,1
46,172,204,1,1
61,169,330,0,0
57,112,276,0,0
49,163,269,0,1
56,163,221,1,1
58,162,283,3,1
63,144,187,0,0
57,143,335,0,0
57,143,335,0,0
68,141,193,0,0
46,156,197,1,1
71,130,265,2,1
41,132,203,1,1
45,152,236,0,1
62,154,244,0,0
65,114,225,0,0
48,139,275,2,1
51,143,222,2,1
61,146,307,0,0
53,95,282,0,0
59,162,204,3,0
34,192,210,1,1
44,144,169,0,0
58,105,218,0,0
64,122,303,0,1
56,169,240,1,1
54,165,232,2,1
55,145,289,0,0
67,163,254,0,0
51,122,298,0,0
62,106,294,0,0
62,103,281,1,0
54,126,239,0,0
54,126,239,0,0
68,141,193,0,0
60,96,178,2,1
61,145,234,3,0
62,140,208,1,1
41,132,203,1,1
65,114,225,0,0
59,159,288,3,0
43,181,303,0,1
67,129,229,0,0
63,150,233,3,1
63,136,197,0,0
52,160,230,0,0
58,131,197,0,1
53,111,226,0,1
57,112,276,0,0
44,179,233,2,1
51,154,227,2,1
54,158,214,2,1
40,114,167,0,0
57,141,261,1,0
62,160,268,0,0
53,155,203,0,0
62,140,208,1,1
58,154,240,2,1
70,143,245,1,1
45,185,260,0,1
42,178,244,3,1
58,146,225,0,0
61,138,207,0,0
62,160,268,0,0
60,144,253,0,0
54,160,239,0,1
61,125,166,0,0
63,172,252,2,1
42,150,180,2,1
57,150,229,2,0
44,179,233,2,1
54,109,266,0,0
51,143,222,2,1
58,144,220,1,1
68,151,277,2,1
55,111,217,0,0
42,125,315,0,0
49,126,149,2,0
53,160,234,0,1
52,162,199,2,1
51,125,213,3,1
51,186,261,0,1
70,125,174,0,0
35,182,183,0,1
58,165,230,2,0
59,125,273,3,0
60,170,293,0,0
56,105,184,0,0
35,182,183,0,1
61,125,166,0,0
58,162,283,3,1
52,161,255,0,0
58,160,284,1,0
37,187,250,2,1
52,161,255,0,0
67,129,229,0,0
65,174,282,3,0
46,156,197,1,1
68,115,211,2,1
43,181,303,0,1
68,115,211,2,1
51,173,299,0,0
52,160,230,0,0
64,158,335,2,0
59,159,288,3,0
52,168,212,0,0
59,125,273,3,0
60,171,240,3,1
41,179,250,2,1
41,153,235,1,1
56,169,240,1,1
56,178,236,1,1
48,139,275,2,1
39,182,321,2,1
64,155,227,3,1
57,148,192,0,1
59,125,273,3,0
60,132,206,0,0
61,138,207,0,0
43,165,213,2,1
54,113,188,0,0
59,182,271,0,1
57,168,207,0,1
57,164,232,1,0
57,115,131,0,0
48,166,274,0,0
70,125,174,0,0
57,124,289,0,0
61,140,260,0,0
57,126,201,0,1
60,157,258,0,0
63,154,407,0,0
55,130,205,0,0
64,154,325,0,1
54,126,239,0,0
52,156,204,0,0
51,173,299,0,0
62,97,263,2,0
59,145,270,3,1
52,158,201,1,1
42,122,265,0,1
59,161,234,0,1
61,145,234,3,0
42,122,265,0,1
62,160,268,0,0
59,134,218,2,0
55,155,262,1,1
64,96,246,0,0
42,178,226,0,1
50,162,244,1,1
62,99,267,0,0
50,126,200,0,0
50,163,233,2,0
58,152,319,1,0
35,130,198,0,0
45,148,208,0,1
66,132,212,0,0
46,144,249,0,0
65,127,254,0,0
47,179,253,2,1
59,162,204,3,0
38,182,231,3,0
39,140,219,0,0
58,105,218,0,0
44,173,263,1,1
54,160,239,0,1
61,169,330,0,0
57,115,131,0,0
54,108,206,0,0
42,194,240,2,1
54,109,266,0,0
60,132,206,0,0
65,127,254,0,0
40,181,223,0,0
51,142,308,2,1
38,182,231,3,0
42,150,180,2,1
56,169,240,1,1
43,162,315,2,1
64,158,335,2,0
53,111,226,0,1
49,162,271,1,1
57,123,241,0,0
52,169,196,2,1
69,151,239,3,1
65,140,177,0,1
66,165,228,0,0
56,162,193,3,1
67,172,277,2,1
54,163,201,2,1
70,125,174,0,0
57,168,207,0,1
67,108,286,0,0
62,97,263,2,0
54,170,304,2,1
45,152,236,0,1
53,143,264,0,1
62,146,231,2,1
49,163,269,0,1
50,163,233,2,0
65,157,417,2,1
69,151,239,3,1
52,169,196,2,1
58,122,248,0,1
52,147,233,0,1
57,123,241,0,0
44,175,141,2,1
76,116,197,2,1
58,130,259,0,0
60,96,178,2,1
53,155,203,0,0
52,172,325,1,1
38,173,175,2,1
52,162,199,2,1
52,190,186,3,1
51,166,245,2,1
43,161,211,0,1
39,140,219,0,0
63,169,269,0,0
52,184,205,1,1
44,177,197,0,0
45,147,309,0,0
57,148,192,0,1
39,140,219,0,0
67,142,223,0,1
64,105,263,0,1
59,161,234,0,1
62,146,231,2,1
55,117,327,0,0
57,164,232,1,0
60,170,293,0,0
71,162,302,1,1
56,178,236,1,1
60,160,230,0,0
50,159,254,0,1
43,143,247,0,0
59,142,239,0,0
44,173,263,1,1
56,150,409,0,0
54,113,188,0,0
42,125,315,0,0
67,163,254,0,0
64,132,212,0,0
42,178,226,0,1
66,132,212,0,0
52,147,233,0,1
51,142,308,2,1
55,130,205,0,0
58,165,211,2,1
56,162,193,3,1
42,162,295,1,1
40,181,223,0,0
51,173,299,0,0
45,170,308,1,1
48,168,229,1,0
58,140,318,0,0
44,175,141,2,1
58,131,216,0,0
65,174,282,3,0
53,95,282,0,0
41,158,172,0,0
47,143,204,0,1
59,164,221,1,1
60,141,258,0,0
47,118,275,0,0
50,159,254,0,1
54,113,188,0,0
